year;courier_id;filename;time;ocr;unindexed;comments;;
1947;146744;tagged_1947_146744;;;;;;
1948;73649;tagged_1948_073649;;;;;;
1948;73683;tagged_1948_073683;;;;;;
1948;73713;tagged_1948_073713;;;;;;
1948;73741;tagged_1948_073741;;;;;;
1948;73774;tagged_1948_073774;;;;;;
1948;73790;tagged_1948_073790;;;;;;
1948;73809;tagged_1948_073809;;;;;;
1948;73829;tagged_1948_073829;;;;;;
1948;73850;tagged_1948_073850;;;;;;
1948;73867;tagged_1948_073867;;;;;;
1949;73886;tagged_1949_073886;;;;;;
1949;73912;tagged_1949_073912;;;;;;
1949;73938;tagged_1949_073938;;;;;;
1949;73956;tagged_1949_073956;;;;;;
1949;73970;tagged_1949_073970;;;;;;
1949;73993;tagged_1949_073993;;;;;;
1949;74013;tagged_1949_074013;;;;;;
1949;74029;tagged_1949_074029;;;;;;
1949;74055;tagged_1949_074055;;;;;;
1949;74116;tagged_1949_074116;;;;;;
1949;74130;tagged_1949_074130;;;;;;
1949;74184;tagged_1949_074184;;;;;;
1950;74946;tagged_1950_074946;;;;;;
1950;74968;tagged_1950_074968;;;;;;
1950;74977;tagged_1950_074977;;;;;;
1950;81286;tagged_1950_081286;;;;;;
1950;81370;tagged_1950_081370;;;;;;
1950;81400;tagged_1950_081400;;;;;;
1950;81475;tagged_1950_081475;;;;;;
1950;81543;tagged_1950_081543;;;;;;
1950;81564;tagged_1950_081564;;;;;;
1950;81592;tagged_1950_081592;;;;;;
1950;81616;tagged_1950_081616;;;;;;
1951;71298;tagged_1951_071298;;;;;;
1951;71299;tagged_1951_071299;;;;;;
1951;72098;tagged_1951_072098;;;;;;
1951;73516;tagged_1951_073516;;;;;;
1951;73537;tagged_1951_073537;;;;;;
1951;73557;tagged_1951_073557;;;;;;
1951;74589;tagged_1951_074589;;;;;;
1951;74639;tagged_1951_074639;;;;;;
1951;74672;tagged_1951_074672;;;;;;
1951;74673;tagged_1951_074673;;;;;;
1951;74696;tagged_1951_074696;;;;;;
1952;70450;tagged_1952_070450;x;;6,7,8,9,10;periodical issue;;
1952;70922;tagged_1952_070922;x;;13,14,15;periodical issue, editorial;;
1952;70990;tagged_1952_070990;x;3;3,4,5;periodical issue;;
1952;71048;tagged_1952_071048;x;;;;;
1952;71059;tagged_1952_071059;x;;;;;
1952;71076;tagged_1952_071076;x;14;4;;;
1952;71135;tagged_1952_071135;x;11;;;;
1952;71148;tagged_1952_071148;x;;;;;
1952;71276;tagged_1952_071276;x;;7,8,9,10,11;periodical issue;;
1952;73310;tagged_1952_073310;x;;;editorial;;
1952;73487;tagged_1952_073487;x;;;editorial;"1. Det finns en bilaga till utgåvan. Finns sist i pdf:en men i metafilen refereras till sidor som tolkas/refereras till ""huvudtidningen"", inte  till bilagan på rätt sätt (bilagan har dessutom inga sidnr). Fem artikelrubriker flyttade). 2. På sid 19 och 20 finns en kolumn som är kapad mitt i (halva på vardera sidan i uppslaget)";
1953;70144;tagged_1953_070144;10;;7,8,9;periodical issue;;
1953;70186;tagged_1953_070186;15;;10,11,12;periodical issue;;
1953;70196;tagged_1953_070196;10;;;;Se bild i worddokumentet;
1953;70219;tagged_1953_070219;8;;8,9;periodical issue;;
1953;70232;tagged_1953_070232;5;;;;;
1953;70250;tagged_1953_070250;8;;;;s8 Delad kolumn;
1953;70268;tagged_1953_070268;x;;;;;
1953;70452;tagged_1953_070452;x;;;;;
1953;70568;tagged_1953_070568;x;;;;;
1953;70841;tagged_1953_070841;x;;;;;
1953;70862;tagged_1953_070862;x;;;editorial;;
1954;69904;tagged_1954_069904;13;;;editorial;;
1954;69916;tagged_1954_069916;10;;;editorial;;
1954;69962;tagged_1954_069962;x;;;editorial;;
1954;69982;tagged_1954_069982;x;;;;;
1954;70030;tagged_1954_070030;x;30, 31;;editorial;;
1954;70070;tagged_1954_070070;x;;;editorial;;
1954;70091;tagged_1954_070091;x;;;editorial;;
1954;70464;tagged_1954_070464;x;;;editorial;;
1954;78140;tagged_1954_078140;x;;;editorial;;
1954;78141;tagged_1954_078141;x;4;;editorial;;
1955;68948;tagged_1955_068948;x;;;editorial;### 68942: Forgotten shadows: the cinema and its origins Står sid 5-7 i metadata men i själva verket är det 5-7 + 9-11, 13, 15-16, 18-19;
1955;68956;tagged_1955_068956;x;;;editorial;;
1955;68976;tagged_1955_068976;x;;;editorial;;
1955;68988;tagged_1955_068988;x;;;editorial;;
1955;69011;tagged_1955_069011;;;;editorial;;
1955;69029;tagged_1955_069029;15;;;editorial;;
1955;69080;tagged_1955_069080;25;;;editorial;"### Triangles and circles with magic meaning continues on page 65, this is not in the metadata. They call this edition a ""special edition""";
1955;69729;tagged_1955_069729;20;;;editorial ;On page 15, some text not OCRed (white text on light background). ;
1955;69853;tagged_1955_069853;20;;;editorial;;
1955;78145;tagged_1955_078145;15;;;editorial;;
1956;68278;tagged_1956_068278;10;;;editorial;;
1956;68623;tagged_1956_068623;12;;5,7,8;editorial;editorial is considered an article;
1956;68778;tagged_1956_068778;15;;;editorial;editorial is considered an article;
1956;68829;tagged_1956_068829;15;;15,16;editorial;;
1956;68909;tagged_1956_068909;15;;;editorial;;
1956;68910;tagged_1956_068910;20;;;editorial;special edition. On page 46, some text not OCRD (caption);
1956;68941;tagged_1956_068941;15;;7 to 11;editorial;With these two hands non indexed;
1956;78148;tagged_1956_078148;10;;;editorial;;
1956;78150;tagged_1956_078150;10;;;editorial;;
1956;78152;tagged_1956_078152;10;;;editorial;p. 19 text not OCRed;
1957;66970;tagged_1957_066970;10;;;editorial;;
1957;67211;tagged_1957_067211;10;;;editorial;;
1957;67218;tagged_1957_067218;10;;4,5,6,7,8,9,10;editorial;Article about a woman's life non inndexed. In the article title file, there is a part 2 for this article in another issue of Courier;
1957;67562;tagged_1957_067562;10;;4,5,6;editorial;Non-indexed article, Great Littérature of East and West;
1957;67587;tagged_1957_067587;15;;;editorial;unsure if p.31 should be included or not ;
1957;67651;tagged_1957_067651;10;;4,6,8,9,10;editorial;;
1957;67949;tagged_1957_067949;10;;24,25,26;editorial;;
1957;67956;tagged_1957_067956;15;;4 to 15;editorial;Non-indexed article on Comenius. Text non OCRed p.31;
1957;68051;tagged_1957_068051;12;;;;;
1957;68057;tagged_1957_068057;15;;;editorial;;
1957;78160;tagged_1957_078160;10;;;editorial;;
1957;78347;tagged_1957_078347;10;;;;;
1958;66121;tagged_1958_066121;10;;;editorial;;
1958;66142;tagged_1958_066142;10;;8, 14-24;editorial;Young artists in Paris non indexed, Schools for Gypsies non indexed;
1958;66148;tagged_1958_066148;8;;;;### 66157: Galapagos: wonders of a Noah's Ark off the coast of Ecuador starts on page 18. Caption of ### 66161: Stamp collectors' wildlife album starts on 32;
1958;66182;tagged_1958_066182;10;;4 to 7;editorial;Ten years of progress non-indexed. Text non-OCRed p.4-5;
1958;66222;tagged_1958_066222;10;;14-24;;Masterworks of Japan's Stone Age Art non-indexed;
1958;66244;tagged_1958_066244;7;;14-19;editorial;From the neck up unindexed;
1958;66266;tagged_1958_066266;12;;8,9;editorial;There is no page 18 on the issue? After page 18, page numbers are incorrect Text non OCRed p.21;
1958;66285;tagged_1958_066285;7;;;editorial;;
1958;66651;tagged_1958_066651;7;;10,11,23,24,25,26.31;;This issue has lots of small articles that are not indexed. I'm unsure of how to treat this issue as some are very small, and it is unclear if they belong to the article before or not;
1958;78161;tagged_1958_078161;8;;;editorial;;
1958;78349;tagged_1958_078349;6;;;editorial;;
1958;78350;tagged_1958_078350;8;;;editorial;;
1959;64895;tagged_1959_064895;8;;14,16,17;editorial;Birth of an island non indexed;
1959;64933;tagged_1959_064933;10;;;editorial;### 64915: Science, technology and man starts on p.4 not 5;
1959;65221;tagged_1959_065221;10;;10 to 20;editorial;Article about film making non-indexed;
1959;65278;tagged_1959_065278;7;;10 to 20;;Article about Rotterdam non-indexed;
1959;66059;tagged_1959_066059;7;;6,7,8;;40 years fo struggle on behalf os social justice non-indexed;
1959;66107;tagged_1959_066107;9;;18 to 23;;Liliput Paris non-indexed;
1959;66613;tagged_1959_066613;7;;;;;
1959;66675;tagged_1959_066675;10;;;;;
1959;78165;tagged_1959_078165;6;;;editorial;;
1959;78166;tagged_1959_078166;8;;;editorial;### 65244: Art and the troubled mind continues to page 30;
1959;78417;tagged_1959_078417;8;;;;;
1960;64515;tagged_1960_064515;6;;;;;
1960;64522;tagged_1960_064522;10;;;;;
1960;64690;tagged_1960_064690;8;;;;;
1960;64692;tagged_1960_064692;13;;;;Double edition;
1960;64696;tagged_1960_064696;12;;;;;
1960;64724;tagged_1960_064724;10;;;;;
1960;64888;tagged_1960_064888;7;;;;;
1960;78175;tagged_1960_078175;7;;;;;
1960;78176;tagged_1960_078176;6;;;;;
1960;78332;tagged_1960_078332;9;;;;;
1960;78452;tagged_1960_078452;6;;;;;
1961;35706;tagged_1961_035706;8;;;;;
1961;63808;tagged_1961_063808;8;;4-7,12,13;;REBIRTH OF A SHATTERED CITY non-indexed;
1961;63847;tagged_1961_063847;9;;4 to 13;;Article on André Maurois and libraries non-indexed;
1961;64074;tagged_1961_064074;8;;;;### 63883: Modern architecture, triumph of Latin America continues 23-24;
1961;64092;tagged_1961_064092;14;;4 to 23;;Double edition. Art in the life of man non-indexed;
1961;64240;tagged_1961_064240;9;;4,5,6;;Article on Abu Simbel non-indexed;
1961;64255;tagged_1961_064255;10;;12 to 17;;Crisis in Anthropology non-indexed;
1961;64331;tagged_1961_064331;9;;;;;
1961;64591;tagged_1961_064591;10;;;editorial;;
1961;78178;tagged_1961_078178;8;;;;;
1961;78179;tagged_1961_078179;8;;;;;
1962;63456;tagged_1962_063456;;;9 to 14;;International land of science non-indexed. Page 15 missing. What to do?;
1962;63659;tagged_1962_063659;10;;4 to 9;;Nature's hidden languages of smell non-indexed;
1962;63738;tagged_1962_063738;25;;;editorial;editorial as article;
1962;78133;tagged_1962_078133;10;;;;;
1962;78187;tagged_1962_078187;7;;;;;
1962;78189;tagged_1962_078189;5;;;;;
1962;78193;tagged_1962_078193;5;;;;;
1962;78194;tagged_1962_078194;4;;;;;
1962;78285;tagged_1962_078285;4;;;;;
1962;78286;tagged_1962_078286;7;;;;;
1962;78354;tagged_1962_078354;6;;;;;
1963;62404;tagged_1963_062404;5;;;;;
1963;62672;tagged_1963_062672;5;;4 to 13;;A study in ignorance and prejudice non-indexed;
1963;62706;tagged_1963_062706;4;;;;;
1963;62935;tagged_1963_062935;5;;;;;
1963;63381;tagged_1963_063381;6;;12 to 14;;Stanislavsky revolutionary of the modern theatre non-indexed;
1963;63436;tagged_1963_063436;8;;;;### 63291: The Promise of nuclear energy starts on 14, ### 63303: A Face-lift for the science curriculum on 34-35;
1963;63437;tagged_1963_063437;7;;;;### 63368: Wanted: more quake-proof buildings starts on 30;
1963;63446;tagged_1963_063446;5;;;;;
1963;78196;tagged_1963_078196;6;;;;;
1963;78200;tagged_1963_078200;5;;;;;
1963;78356;tagged_1963_078356;5;;;;### 63350: Movement and light in today's art continues on 23;
1964;61386;tagged_1964_061386;5;;15 to 19;;Article about lasers non-indexed;
1964;61468;tagged_1964_061468;14;;4 to 23;;The art of writing non-indexed;
1964;61952;tagged_1964_061952;8;;24-28,30;;### 61951: The London that was Shakespeare's starts on 14. Galileo Galilei: a new vision of the universe non-indexed;
1964;61953;tagged_1964_061953;5;;;;;
1964;62188;tagged_1964_062188;11;;;;;
1964;62195;tagged_1964_062195;7;;;;;
1964;62313;tagged_1964_062313;10;;;;;
1964;62315;tagged_1964_062315;10;;;;### 62396: Arms cost the world USD120 thousand million per year stops on page 5, not 17, and doesn't appear on page 20-26, and 29-33!;
1964;62384;tagged_1964_062384;7;;;;;
1964;62393;tagged_1964_062393;7;;;;;
1964;62906;tagged_1964_062906;8;;;;### 61491: March 24, 1882: a momentous look into the microscope only starts on page 9;
1965;31600;tagged_1965_031600;10;;5-8, 32;;Science and the common man non-indexed;
1965;60487;tagged_1965_060487;14;;;;;
1965;60488;tagged_1965_060488;8;;4 to 11;;My first steps in space non-indexed;
1965;60510;tagged_1965_060510;8;;4,5,6,7;;Youth with a purpose non-indexed;
1965;60619;tagged_1965_060619;11;;4 to 10;;Revolution in books non-indexed;
1965;78208;tagged_1965_078208;5;;;;;
1965;78210;tagged_1965_078210;6;;;;;
1965;78211;tagged_1965_078211;6;;;;;
1965;78423;tagged_1965_078423;6;;;;;
1965;78424;tagged_1965_078424;10;;;;;
1965;78451;tagged_1965_078451;6;;;;### 27983: The Care of old paintings stops on page 17. ### 30766: To the young people of the world: a message from René Maheu, Director-General of UNESCO for the New Year 1965 is on page 37;
1966;12656;tagged_1966_012656;7;;5,6,9,10;;A fair deal for the teacher non-indexed ;
1966;14256;tagged_1966_014256;5;;23,25,26,31;;The roots of peace non-indexed;
1966;15480;tagged_1966_015480;12;;;;;
1966;16653;tagged_1966_016653;6;;4 to 11;;Ayutya venic of south asia non-indexed;
1966;20805;tagged_1966_020805;5;;17-23;;Global assault on the weather non-indexed;
1966;22703;tagged_1966_022703;7;;;;;
1966;23681;tagged_1966_023681;5;;;;;
1966;28352;tagged_1966_028352;10;;5,6;;Man and Space A great international venture non-indexed. ### 29916: Space flight and the rule of law continues on 35;
1966;32667;tagged_1966_032667;6;;16-21;;Masterpieces from a lost kingdom non-indexed;
1966;33144;tagged_1966_033144;13;;4,5;;Unesco's 20 years non-indexed. ### 6980: Peace begins in the minds of men Continues on 48-49. ### 9917: How youngsters see UNESCO Continues on 59;
1966;78362;tagged_1966_078362;5;;;;;
1967;14255;tagged_1967_014255;15;;;;;
1967;59683;tagged_1967_059683;5;;10 to 13;;Expo 67 the world of a thousand acres non-indexed;
1967;59709;tagged_1967_059709;;;;;The whole document has not been OCRed;
1967;78222;tagged_1967_078222;6;;;;;
1967;78224;tagged_1967_078224;7;;;;;
1967;78226;tagged_1967_078226;10;;;;;
1967;78231;tagged_1967_078231;6;;;;;
1967;78367;tagged_1967_078367;6;;;;;
1967;78370;tagged_1967_078370;10;;;;;
1967;78371;tagged_1967_078371;10;;;;;
1967;78449;tagged_1967_078449;5;;;;;
1968;58803;tagged_1968_058803;8;;4;;Health in the world of tomorrow non-indexed;
1968;58953;tagged_1968_058953;6;;5;;The abuse of drugs a growing menace not indexed ;
1968;59301;tagged_1968_059301;7;;4,5,6;;Human rights... Tomorrow non-indexed;
1968;78234;tagged_1968_078234;5;;;;;
1968;78237;tagged_1968_078237;7;;;;### 58948: A Talk with Princess Ashraf of Iran is not on 25;
1968;78240;tagged_1968_078240;10;;;;"### 59109: Japan's contribution to Western literature and the arts continues on 30, 46-48. 
### 59223: Hokkaido, frontier land of the far north starts on 62";
1968;78241;tagged_1968_078241;10;;;;;
1968;78306;tagged_1968_078306;8;14;;;"caption non OCR on 14. 
### 59065: UNESCO should become the organization for youth not on 48";
1968;78373;tagged_1968_078373;6;;;;;
1968;78431;tagged_1968_078431;5;36;;;Great men great events unindexed, usually considered an article;
1969;57247;tagged_1969_057247;9;;;;"
### 57267: UNESCO's programme for 1969-1970 starts on 40";
1969;57783;tagged_1969_057783;5;;;;;
1969;58067;tagged_1969_058067;5;;;;;
1969;58738;tagged_1969_058738;5;;;;;
1969;78244;tagged_1969_078244;5;;;;;
1969;78245;tagged_1969_078245;4;28;;;caption non ocred on 28;
1969;78246;tagged_1969_078246;13;;;;"
### 58445: Saving our vanishing forests continues on 9. 
### 58684: Vernacular languages in changing Africa continues on 33";
1969;78247;tagged_1969_078247;7;;;;;
1969;78289;tagged_1969_078289;4;;;;;
1969;78290;tagged_1969_078290;4;;;;;
1969;78375;tagged_1969_078375;3;;;;;
1970;56740;tagged_1970_056740;7;;;;;
1970;56743;tagged_1970_056743;4;;;;;
1970;56857;tagged_1970_056857;4;;;;### 56859: Man's perpetual quest for water continues on 32;
1970;56988;tagged_1970_056988;7;;;;;
1970;78253;tagged_1970_078253;5;;;;### 56754: Is the space effort a waste of money? Begins on 4;
1970;78255;tagged_1970_078255;5;;;;;
1970;78262;tagged_1970_078262;7;;;;;
1970;78264;tagged_1970_078264;5;;;;;
1970;78378;tagged_1970_078378;5;;;;;
1970;78379;tagged_1970_078379;9;;;;;
1970;184442;tagged_1970_184442;4;;;;;
1971;52770;tagged_1971_052770;4;;;;;
1971;52879;tagged_1971_052879;5;;;;;
1971;52935;tagged_1971_052935;5;;;;;
1971;53853;tagged_1971_053853;7;;;;### 53854: Seasons of the mind is an extremely long article with sub-articles. Those are not indexed, everything under main article;
1971;53888;tagged_1971_053888;6;;;;"
### 53914: Ageless voices of poets & writers not on 46";
1971;54453;tagged_1971_054453;5;;;;;
1971;78266;tagged_1971_078266;8;;;;;
1971;78268;tagged_1971_078268;7;;;;;
1971;78269;tagged_1971_078269;9;;;;;
1971;78380;tagged_1971_078380;5;;;;;
1971;78447;tagged_1971_078447;7;;;;;
1972;52257;tagged_1972_052257;5;;;;;
1972;78271;tagged_1972_078271;8;;;;;
1972;78273;tagged_1972_078273;7;;;;;
1972;78274;tagged_1972_078274;6;;;;;
1972;78276;tagged_1972_078276;6;;;;;
1972;78279;tagged_1972_078279;9;;;;"
### 52644: The Face-makers continues 68-59";
1972;78283;tagged_1972_078283;5;;;;;
1972;78294;tagged_1972_078294;4;;;;;
1972;78382;tagged_1972_078382;7;;;;### 52077: Ounces of prevention by the 21st century continues on 33;
1972;78383;tagged_1972_078383;4;;;;;
1972;78384;tagged_1972_078384;4;;;;### 52663: Taxila: ancient university centre of the Orient continues on 31;
1973;74879;tagged_1973_074879;6;;;;;
1973;74880;tagged_1973_074880;6;;;;;
1973;74881;tagged_1973_074881;7;;;editorial;;
1973;74884;tagged_1973_074884;15;;;editorial;Problem, as the supplement for children is not included in the normal pages number. Index should be completely reworked.;
1973;74885;tagged_1973_074885;10;;;editorial;;
1973;74886;tagged_1973_074886;10;;;editorial;;
1973;74890;tagged_1973_074890;6;;;editorial;;
1973;74891;tagged_1973_074891;15;;;;"### 51739: Making the weather pay off; an international report reveals the important changes meteorology is bringing to economic and social development continues on page 30";
1973;74894;tagged_1973_074894;7;;;;;
1973;74896;tagged_1973_074896;9;;;editorial;;
1973;74906;tagged_1973_074906;8;;;editorial;;
1974;50399;tagged_1974_050399;8;;;;;
1974;50495;tagged_1974_050495;5;;;;;
1974;74866;tagged_1974_074866;10;;;editorial;### 50192: Power from the sun: solar energy, already being tapped in a multitude of ways, now offers great promise for tomorrow continues on 21;
1974;74868;tagged_1974_074868;5;;;;;
1974;74869;tagged_1974_074869;9;;;;;
1974;74870;tagged_1974_074870;6;;;;;
1974;74873;tagged_1974_074873;6;;;editorial;;
1974;74875;tagged_1974_074875;7;;;editorial;;
1974;74876;tagged_1974_074876;10;;;;;
1974;74877;tagged_1974_074877;10;;;editorial;;
1974;74878;tagged_1974_074878;9;;;;;
1975;49648;tagged_1975_049648;10;;;;;
1975;49738;tagged_1975_049738;6;;;;;
1975;74832;tagged_1975_074832;7;;;editorial;;
1975;74836;tagged_1975_074836;12;;;editorial;### 49759: Women students still outnumbered only on page 11;
1975;74838;tagged_1975_074838;5;;;;;
1975;74840;tagged_1975_074840;6;;;;;
1975;74841;tagged_1975_074841;11;;;;;
1975;74842;tagged_1975_074842;6;;;editorial;;
1975;74845;tagged_1975_074845;12;;;editorial;### 49715: The New feminist explosion in the U.S.A. starts on page 28;
1975;74848;tagged_1975_074848;6;;;editorial;;
1975;74849;tagged_1975_074849;8;;;;;
1976;74818;tagged_1976_074818;5;;;;### 49417: Our split brain continues on 32;
1976;74819;tagged_1976_074819;5;;;;;
1976;74820;tagged_1976_074820;8;;;;;
1976;74823;tagged_1976_074823;8;;;;;
1976;74824;tagged_1976_074824;6;;;;;
1976;74825;tagged_1976_074825;8;;;;"### 49555: Housing à la carte continues on 23. 
### 49550: The Architect: a modern scapegoat, reflections of a Soviet architect on the merits of old and new styles starts on 15";
1976;74826;tagged_1976_074826;8;;;editorial;;
1976;74827;tagged_1976_074827;10;;;;;
1976;74828;tagged_1976_074828;5;;;;;
1976;74829;tagged_1976_074829;12;;;;"
### 49606: Three vases recount the legend of King Targitaus starts on 14";
1977;46520;tagged_1977_046520;8;;;editorial;;
1977;74808;tagged_1977_074808;8;;;;;
1977;74809;tagged_1977_074809;5;;;;;
1977;74810;tagged_1977_074810;7;;;editorial;;
1977;74811;tagged_1977_074811;6;;;editorial;;
1977;74812;tagged_1977_074812;5;;;;;
1977;74813;tagged_1977_074813;5;;;;;
1977;74814;tagged_1977_074814;15;;;editorial;;
1977;74815;tagged_1977_074815;5;;;editorial;;
1977;74816;tagged_1977_074816;10;;;editorial;### UNINDEXED_ARTICLE? Unesco's role in alerting world opinion p.27;
1977;74817;tagged_1977_074817;10;;;;;
1978;46076;tagged_1978_046076;10;;;;;
1978;74785;tagged_1978_074785;5;;;;;
1978;74786;tagged_1978_074786;10;;;;### UNINDEXED_SUPPLEMENT;
1978;74795;tagged_1978_074795;7;;;;### 46193: Human rights: a new school of law and learning continues on 6. ### UNINDEXED_SUPPLEMENT;
1978;74801;tagged_1978_074801;10;;;;;
1978;74803;tagged_1978_074803;8;;;editorial;### UNINDEXED_SUPPLEMENT;
1978;74804;tagged_1978_074804;5;;;editorial;;
1978;74805;tagged_1978_074805;6;;;;### UNINDEXED_SUPPLEMENT;
1978;74806;tagged_1978_074806;5;;;;;
1978;74807;tagged_1978_074807;10;;;;"### 46317: The Unicorn, the phoenix and the flying horse; recent discoveries from three ancient royal tombs cotninues on 25";
1978;78438;tagged_1978_078438;4;;;;### UNINDEXED_SUPPLEMENT;
1979;44064;tagged_1979_044064;6;;;;;
1979;44515;tagged_1979_044515;9;;;;Color pages for the article were ignored;
1979;45086;tagged_1979_045086;5;;;;;
1979;74768;tagged_1979_074768;11;;;;### UNINDEXED_SUPPLEMENT;
1979;74769;tagged_1979_074769;10;;;;### UNINDEXED_SUPPLEMENT;
1979;74770;tagged_1979_074770;5;;;;;
1979;74771;tagged_1979_074771;6;;;;"### 44506: The Mole and the butterfly; reflections on Einstein, science and subjectivity is not on 26";
1979;74776;tagged_1979_074776;6;;;;### UNINDEXED_SUPPLEMENT;
1979;74777;tagged_1979_074777;15;;;;;
1979;74778;tagged_1979_074778;4;;;;### UNINDEXED_SUPPLEMENT;
1979;74780;tagged_1979_074780;5;;;;;
1980;40945;tagged_1980_040945;5;;;;### 40962: Palladio: the master-builder of the Italian Renaissance continues on 23-24. ### UNINDEXED_SUPPLEMENT;
1980;42993;tagged_1980_042993;5;;;;### 42995: Stone Age myth-sculptors of Siberia starts on 24. ### UNINDEXED_SUPPLEMENT;
1980;74642;tagged_1980_074642;6;;;editorial;### 41136: The Soviet Peace Fund continues on 29. ### UNINDEXED_SUPPLEMENT;
1980;74755;tagged_1980_074755;15;;32-34, 39-45;editorial;"### UNINDEXED_ARTICLE: Highlights of the archeological expeditions . 
### 40934: Sermons in stones: the musings of a modern Egyptian poet before the temples of Abu Simbel continues on 61. ### 40926: Nubia unearthed: from prehistory to Pharaonic times continues on 70";
1980;74756;tagged_1980_074756;7;;4 to 6;;### UNINDEXED_ARTICLE: Man belongs to the earth. ### UNINDEXED_SUPPLEMENT;
1980;74757;tagged_1980_074757;5;;;;;
1980;74758;tagged_1980_074758;20;;14-19;;### 366755: Address by His Holiness Pope John Paul II ... Is ONLY on page 9. ### UNINDEXED_ARTICLE: Nine  award-winning campaigns. ### UNINDEXED_SUPPLEMENT;
1980;74760;tagged_1980_074760;5;;;editorial;;
1980;74761;tagged_1980_074761;3;;;editorial;;
1980;74765;tagged_1980_074765;6;;;editorial;;
1980;74766;tagged_1980_074766;10;;;editorial;### 43022: Guernica: a universal image of the inhumanity of war begins on 14;
1981;74734;tagged_1981_074734;11;;;editorial;Problem with the issue. Pages missing from PDF, thus page 22 in the tagging should be 26, etc.;
1981;74735;tagged_1981_074735;7;;;;;
1981;74736;tagged_1981_074736;5;;;;;
1981;74737;tagged_1981_074737;5;;;;;
1981;74739;tagged_1981_074739;5;;;;;
1981;74741;tagged_1981_074741;5;;;;;
1981;74744;tagged_1981_074744;7;;;;;
1981;74748;tagged_1981_074748;15;;;;;
1981;74751;tagged_1981_074751;5;;;;;
1981;74752;tagged_1981_074752;6;;;editorial;;
1981;74754;tagged_1981_074754;7;;;;;
1982;74712;tagged_1982_074712;5;;;editorial;### 48134: Patterns of drug use: reports from nine countries only starts on 12;
1982;74713;tagged_1982_074713;4;;;;;
1982;74714;tagged_1982_074714;5;;;editorial;;
1982;74715;tagged_1982_074715;6;;;editorial;"
### 48217: Centuries in stone also on 27";
1982;74717;tagged_1982_074717;7;;;editorial;;
1982;74720;tagged_1982_074720;8;;;editorial;;
1982;74721;tagged_1982_074721;15;;;editorial;;
1982;74723;tagged_1982_074723;7;;;editorial;;
1982;74732;tagged_1982_074732;9;;;editorial;### 51812: Chinese civilization and the West is not on page 50;
1982;74796;tagged_1982_074796;10;;;editorial;### 50953: If Saint Francis came to call, would the message of the 'seraphic saint' be heeded in the modern continues on 27 industrial world?;
1982;74798;tagged_1982_074798;6;;;;### 48166: The World of Dostoyevsky is only on page 15;
1983;74686;tagged_1983_074686;10;;;editorial;### UNINDEXED_SUPPLEMENT;
1983;74687;tagged_1983_074687;5;;;editorial;;
1983;74689;tagged_1983_074689;7;;;editorial;;
1983;74691;tagged_1983_074691;8;;;editorial;### 53949: China: the symbolic language of Beijing opera continues on 40; 
1983;74692;tagged_1983_074692;8;;;editorial;;
1983;74693;tagged_1983_074693;5;;;editorial;;
1983;74694;tagged_1983_074694;10;;;editorial;;
1983;74700;tagged_1983_074700;12;;;editorial;### 53865: Some future prospects starts on 30;
1983;74701;tagged_1983_074701;6;;;editorial;"
### 56312: Matushka' continues on 34";
1983;74704;tagged_1983_074704;6;;;editorial;;
1983;74705;tagged_1983_074705;7;;;editorial;"
### 56701: Malice through the looking-glass continues on 24";
1983;74708;tagged_1983_074708;7;;;editorial;;
1984;60703;tagged_1984_060703;8;;;editorial;;
1984;60718;tagged_1984_060718;5;;;editorial;;
1984;61306;tagged_1984_061306;5;;;editorial;;
1984;61392;tagged_1984_061392;7;;;editorial;### 61263: Bridging the culture gap is not on 15 ### 61288: Flamenco: '...a taste of blood in the mouth' starts on 28. ### 61256: The Gypsy destiny is not on 24;
1984;62352;tagged_1984_062352;7;;;editorial;;
1984;74675;tagged_1984_074675;5;;;editorial;;
1984;74676;tagged_1984_074676;20;;;editorial;### UNINDEXED_SUPPLEMENT in the beginning. Pages number/index is incorrect for the pdf.;
1984;74678;tagged_1984_074678;10;;;editorial;### 58391: The Living culture of the Tamils CONTINUES ON 8;
1984;74679;tagged_1984_074679;7;;;editorial;;
1984;74681;tagged_1984_074681;9;;;editorial;;
1984;74683;tagged_1984_074683;7;;;editorial;;
1984;74684;tagged_1984_074684;8;;;editorial;;
1985;62603;tagged_1985_062603;6;;;editorial;;
1985;62882;tagged_1985_062882;9;;;editorial;;
1985;63438;tagged_1985_063438;6;;;editorial;;
1985;64501;tagged_1985_064501;6;;;editorial;;
1985;64833;tagged_1985_064833;6;;;editorial;;
1985;66321;tagged_1985_066321;6;;;editorial;;
1985;66614;tagged_1985_066614;4;;;editorial;;
1985;66617;tagged_1985_066617;7;;;editorial;;
1985;66943;tagged_1985_066943;17;;;editorial;;
1985;67988;tagged_1985_067988;15;;;editorial;### 67801: Transformation and tradition in Mediterranean Europe continues on 14;
1985;74929;tagged_1985_074929;6;;;editorial;;
1985;74930;tagged_1985_074930;4;;;editorial;;
1986;68108;tagged_1986_068108;5;;;editorial;;
1986;68337;tagged_1986_068337;5;;;editorial;;
1986;68421;tagged_1986_068421;10;;30 to 37;editorial;### UNINDEXED_ARTICLE: Treasures of Mongolia;
1986;68918;tagged_1986_068918;5;;;editorial;### 68728: Science and music, an interview with Iannis Xenakis continues on pages 8 and 9;
1986;69416;tagged_1986_069416;13;;;editorial;"
### 69104: Will deserts drink icebergs? Is on page 19";
1986;69653;tagged_1986_069653;8;;;editorial;"### 69535: Volcanoes is on 30 and 31, not on 32. 
### 69544: The Hand of man continues on 37";
1986;69680;tagged_1986_069680;5;;;editorial;;
1986;70484;tagged_1986_070484;4;;;editorial;;
1986;70725;tagged_1986_070725;8;;;editorial;### 70712: The Cradle of Polynesian culture continues on 18;
1986;71641;tagged_1986_071641;7;;;editorial;;
1986;74933;tagged_1986_074933;4;;;editorial;;
1987;71682;tagged_1987_071682;6;;;editorial;### 71656: The 'New poor' continues on 24;
1987;72293;tagged_1987_072293;7;;;editorial;"
### 72271: Lakes and glaciers of the Alps starts on 36";
1987;73033;tagged_1987_073033;8;;;editorial;;
1987;73068;tagged_1987_073068;10;;;editorial;;
1987;73178;tagged_1987_073178;5;;;editorial;;
1987;73379;tagged_1987_073379;4;;;editorial;;
1987;74925;tagged_1987_074925;7;;;editorial;;
1987;76498;tagged_1987_076498;7;;;editorial;;
1987;76517;tagged_1987_076517;9;;;editorial;;
1987;76565;tagged_1987_076565;6;;;editorial;### 76561: (Archaeology under water): reports from 6 countries is not on 38;
1987;76585;tagged_1987_076585;10;;;editorial;;
1987;76667;tagged_1987_076667;9;;;editorial;;
1988;77050;tagged_1988_077050;4;;;editorial;;
1988;77733;tagged_1988_077733;6;;;editorial;;
1988;78126;tagged_1988_078126;6;;;editorial;;
1988;79179;tagged_1988_079179;4;;;editorial;;
1988;79384;tagged_1988_079384;4;;;editorial;### 79185: Science, technology and human welfare is not on page 9;
1988;79609;tagged_1988_079609;8;;;editorial;;
1988;79702;tagged_1988_079702;5;;;editorial;;
1988;80978;tagged_1988_080978;6;;;editorial;;
1988;80991;tagged_1988_080991;6;;;editorial;"
### 80984: The Egyptian world-picture continues on 23, 24, 25";
1988;81712;tagged_1988_081712;8;;;editorial;;
1988;81721;tagged_1988_081721;10;;;editorial;;
1988;81732;tagged_1988_081732;5;;;editorial;;
1989;82165;tagged_1989_082165;6;;;editorial;;
1989;82219;tagged_1989_082219;8;;;editorial;;
1989;83091;tagged_1989_083091;7;;;editorial;### 83072: Poetry, freedom and revolution continues on 38 and 39. Double editorial?;
1989;83185;tagged_1989_083185;15;;;editorial;### UNINDEXED_SUPPLEMENT at the beginning. The pages are all +1 from there;
1989;83206;tagged_1989_083206;5;;;editorial;;
1989;83386;tagged_1989_083386;7;;;editorial;;
1989;83412;tagged_1989_083412;9;;;editorial;;
1989;83935;tagged_1989_083935;6;;;editorial;### 83931: The Mahàvamsa, Sri Lanka's non-stop epic starts on 40;
1989;84191;tagged_1989_084191;10;;;editorial;;
1989;84201;tagged_1989_084201;11;;;editorial;;
1989;84413;tagged_1989_084413;10;;;editorial;"### 84405: Mock lion and real heroes begins on 16. 
### 84407: The Pavilion of the Second Moon continues on 27, 29";
1989;184070;tagged_1989_184070;6;;;editorial;;
1990;85187;tagged_1990_085187;5;;;editorial;;
1990;85219;tagged_1990_085219;10;;;editorial;### 85208: Land of a thousand and one courtesies continues on 33;
1990;85577;tagged_1990_085577;10;;;editorial;;
1990;86025;tagged_1990_086025;8;;;;;
1990;86052;tagged_1990_086052;8;;;editorial;;
1990;86067;tagged_1990_086067;11;;;editorial;### 86057: Out of the land of shadows: a West African people learns to respect the cosmic order starts on 22;
1990;86203;tagged_1990_086203;10;;;editorial;;
1990;86461;tagged_1990_086461;7;;;editorial;"
### 86454: Modernist Barcelona begins on 34";
1990;86687;tagged_1990_086687;8;;;editorial;;
1990;87205;tagged_1990_087205;5;;;editorial;;
1990;87206;tagged_1990_087206;9;;;editorial;### 87210: Memory lane not on 20. ### 87215: A Revolution on wheels not on 24;
1990;87663;tagged_1990_087663;10;;;editorial;### 87661: The Magic of Lahore not on 49;
1991;87746;tagged_1991_087746;6;;;editorial;;
1991;87907;tagged_1991_087907;10;;;;"
### 87889: A World of music begins on 8";
1991;88099;tagged_1991_088099;11;;;editorial;;
1991;88517;tagged_1991_088517;12;;;editorial;;
1991;88610;tagged_1991_088610;11;;;editorial;;
1991;88837;tagged_1991_088837;10;;;editorial;;
1991;88998;tagged_1991_088998;10;;;editorial;;
1991;89116;tagged_1991_089116;20;;53;;### UNINDEXED_ARTICLE: The United Nations Convention on the Law of the Sea ;
1991;89961;tagged_1991_089961;8;;;editorial;;
1991;90256;tagged_1991_090256;7;;;;;
1991;90316;tagged_1991_090316;8;4 to 7, 45;;editorial;Pages 4-7 have not been correctly OCRed, as page 45;
1992;90699;tagged_1992_090699;8;;;editorial;;
1992;90796;tagged_1992_090796;8;;;editorial;;
1992;90835;tagged_1992_090835;6;;;editorial;;
1992;91185;tagged_1992_091185;7;;;editorial;;
1992;91224;tagged_1992_091224;5;;;;;
1992;91412;tagged_1992_091412;11;;;editorial;;
1992;92021;tagged_1992_092021;13;;40-41;editorial;UNINDEXED ARTICLE: Interview with Francesco di Castri;
1992;92231;tagged_1992_092231;11;;;editorial;;
1992;92573;tagged_1992_092573;8;;;;;
1992;92651;tagged_1992_092651;7;;;editorial;;
1992;93019;tagged_1992_093019;9;;26-27, 28-29;editorial;"
2 ### UNINDEXED_ARTICLE in Greenwatch: The salt of earth, sun wind and fire. And: Puerto Rico saves its treasures";
1993;93364;tagged_1993_093364;16;;9, 28-29, 30-31;;"###UNINDEXED_ARTICLE: From here to infinity. 
### 93356: Face to face with infinity is not on page 25-32. 
### UNINDEXED_ARTICLE: A good word for paper ### UNINDEXED_ARTICLE: In western Keny";
1993;93440;tagged_1993_093440;10;;;editorial;;
1993;93670;tagged_1993_093670;10;;50;;### UNINDEXED_ARTICLE: An atlas of world literature;
1993;93750;tagged_1993_093750;10;;;editorial;### UNINDEXED_ARTICLE: Don Juan and the quest for the absolute;
1993;94277;tagged_1993_094277;6;;;;;
1993;94420;tagged_1993_094420;7;;;editorial;Editorial as an article;
1993;95092;tagged_1993_095092;10;;;editorial;;
1993;95106;tagged_1993_095106;15;;;editorial;Editorial as an article. ;
1993;95141;tagged_1993_095141;11;;;editorial;Editorial as an article. ;
1993;95767;tagged_1993_095767;10;;48;editorial;Books of the world not an article now, but usually is?;
1993;184071;tagged_1993_184071;10;60-63;;;Page 60-63, text is tilted and OCR didn't work;
1994;96065;tagged_1994_096065;11;;;;;
1994;96120;tagged_1994_096120;11;;;;;
1994;96815;tagged_1994_096815;8;;49;;Books of the world non indexed;
1994;96850;tagged_1994_096850;12;;;;;
1994;96900;tagged_1994_096900;10;;48-49;;Books of the world non indexed;
1994;96934;tagged_1994_096934;9;;48;;Books of the world non indexed;
1994;97246;tagged_1994_097246;16;;81-82;;Books of the world non indexed;
1994;98006;tagged_1994_098006;9;;34;editorial;### UNINDEXED_ARTICLE;
1994;98363;tagged_1994_098363;15;;;editorial;Editorial as an article;
1994;98493;tagged_1994_098493;15;;;editorial;Editorial as an article;
1994;99251;tagged_1994_099251;15;;49;editorial;Books of the world non indexed;
1995;98936;tagged_1995_098936;15;;;editorial;;
1995;99696;tagged_1995_099696;13;;;editorial;;
1995;99738;tagged_1995_099738;10;;;editorial;;
1995;99844;tagged_1995_099844;8;;;editorial;;
1995;100259;tagged_1995_100259;10;;;editorial;;
1995;100263;tagged_1995_100263;9;;;editorial;Editorial as an article;
1995;100576;tagged_1995_100576;14;;;editorial;### 100574: Saving the cinematic heritage: appeal by the Director-General of UNESCO cotinues on 85;
1995;101119;tagged_1995_101119;19;;;editorial;;
1995;101202;tagged_1995_101202;10;;;editorial;### 101233: What next? specialized agency chiefs look ahead continues on 45-46;
1995;101488;tagged_1995_101488;10;;;editorial;"
### 101501: Shimon Peres: passion and patience begins on 24";
1995;102011;tagged_1995_102011;20;;;editorial;Problematic document. Some pages not a part of the journal, pages are wrong, index to redo;
1996;102540;tagged_1996_102540;16;;;editorial;### 102536: Green Cross International only on page 45;
1996;102554;tagged_1996_102554;10;;;editorial;;
1996;102577;tagged_1996_102577;10;;;editorial;;
1996;102622;tagged_1996_102622;10;;5;editorial;Unindexed_article: Appeal by the director-general of UNESCO;
1996;102874;tagged_1996_102874;10;;;editorial;;
1996;103084;tagged_1996_103084;8;;;editorial;;
1996;104412;tagged_1996_104412;13;;;editorial;"Editorial as article. 
### 104405: The Struggle for peace continues on 35.";
1996;104497;tagged_1996_104497;15;;;editorial;Editorial as article;
1996;104902;tagged_1996_104902;8;;;editorial;Editorial as article;
1996;104975;tagged_1996_104975;10;;;editorial;;
1997;105001;tagged_1997_105001;9;;;editorial;;
1997;105101;tagged_1997_105101;7;;;editorial;;
1997;105695;tagged_1997_105695;7;;;editorial;;
1997;105951;tagged_1997_105951;7;;;editorial;;
1997;105969;tagged_1997_105969;7;;;editorial;;
1997;108625;tagged_1997_108625;11;;;editorial;;
1997;109370;tagged_1997_109370;8;;;editorial;;
1997;109505;tagged_1997_109505;9;;;editorial;;
1997;109515;tagged_1997_109515;15;;;editorial;;
1997;109538;tagged_1997_109538;12;;;editorial;;
1997;109841;tagged_1997_109841;12;;;editorial;;
1998;110425;tagged_1998_110425;10;44;;editorial;Page 44 is only partial;
1998;110439;tagged_1998_110439;15;;;editorial;;
1998;111114;tagged_1998_111114;15;;;editorial;;
1998;111392;tagged_1998_111392;11;;;;;
1998;111704;tagged_1998_111704;12;;;;;
1998;112053;tagged_1998_112053;9;;;;;
1998;112488;tagged_1998_112488;40;;32, 45;editorial;"editorial as article . / UNINDEXED_ARTICLE: Curbing the mighty fish. Since there, paragraphs are sometimes in the wrong order.
### UNINDEXED_ARTICLE: From chile, a 50 million crop";
1998;113355;tagged_1998_113355;30;;;editorial;editorial as article;
1998;113615;tagged_1998_113615;35;;;editorial;"editorial as article. Some text missing on page 12 for article 
### 113618: The Greenhouse gas trade";
1998;114138;tagged_1998_114138;25;;;editorial;editorial as an article ;
1998;114252;tagged_1998_114252;40;;;editorial;editorial as an article ;
1999;114699;tagged_1999_114699;30;;;editorial;editorial as article;
1999;114969;tagged_1999_114969;35;;;editorial;"editorial as article. 
### 262562: What price water? Only on 17";
1999;115117;tagged_1999_115117;35;;;editorial;editorial as article;
1999;115591;tagged_1999_115591;25;;;editorial;"editorial as article. 
### 115603: Basketball at midnight continues on 26. 
### 115614: Latin America's endangered frequencies continues on 45";
1999;115858;tagged_1999_115858;25;;;editorial;editorial as article;
1999;116241;tagged_1999_116241;25;;;editorial;editorial as article;
1999;116578;tagged_1999_116578;30;;;editorial;editorial as article;
1999;117043;tagged_1999_117043;30;;;editorial;editorial as article;
1999;117419;tagged_1999_117419;20;;;editorial;editorial as article;
1999;117896;tagged_1999_117896;25;;;editorial;editorial as aticle. ### 117897: The Sheltering screen continues on 6-7-8;
1999;118279;tagged_1999_118279;35;;;editorial;"editorial as article. 
### 118280: Circus flashbacks continues on 8";
2000;118482;tagged_2000_118482;30;;;;;
2000;118789;tagged_2000_118789;35;;;;;
2000;119217;tagged_2000_119217;20;;;editorial;editorial as article;
2000;119473;tagged_2000_119473;30;;;;;
2000;119663;tagged_2000_119663;30;;;;;
2000;119966;tagged_2000_119966;30;;;;;
2000;120152;tagged_2000_120152;40;;;;;
2000;120395;tagged_2000_120395;25;;;;### 120417: Tim Berners-Lee: the Web's brainchild continues on 50;
2000;120752;tagged_2000_120752;25;;;;;
2000;121198;tagged_2000_121198;20;;;;;
2000;121326;tagged_2000_121326;25;;;;;
2001;121514;tagged_2001_121514;25;;;;;
2001;121920;tagged_2001_121920;25;;;;;
2001;122144;tagged_2001_122144;25;;;;;
2001;122266;tagged_2001_122266;30;;;;"### 122284: Putting embryos on the assembly line continues on 40. 
### 122288: Cooking in a crossfire continues on 51";
2001;122623;tagged_2001_122623;25;;;;;
2001;122747;tagged_2001_122747;25;;;;;
2001;123057;tagged_2001_123057;45;;;;;
2001;123512;tagged_2001_123512;25;;;;;
2001;123798;tagged_2001_123798;35;;;editorial;;
2001;124272;tagged_2001_124272;30;;;;;
2001;124785;tagged_2001_124785;25;;;editorial;editorial as article ;
2002;125736;tagged_2002_125736;30;;39-59;editorial;### UNINDEXED_ARTICLE: Decrypting the future;
2002;127885;tagged_2002_127885;40;;38-63, 67, 68;editorial;### UNINDEXED_ARTICLE: A nation at the crossroads, UNINDEXED_ARTICLE: Cubes and spheres, UNINDEXED_ARTICLE: Young people rally to fight AIDS;
2003;130036;tagged_2003_130036;;;;;;
2003;132107;tagged_2003_132107;;;;;;
2004;133120;tagged_2004_133120;;;;;;
2004;135045;tagged_2004_135045;;;;;;
2004;137745;tagged_2004_137745;;;;;;
2004;138446;tagged_2004_138446;;;;;;
2005;139497;tagged_2005_139497;;;;;;
2005;142021;tagged_2005_142021;;;;;;
2006;191574;tagged_2006_191574;;;;;;
2006;191575;tagged_2006_191575;;;;;;
2006;191576;tagged_2006_191576;;;;;;
2006;191577;tagged_2006_191577;;;;;;
2006;191578;tagged_2006_191578;;;;;;
2006;191579;tagged_2006_191579;;;;;;
2006;191580;tagged_2006_191580;;;;;;
2007;150227;tagged_2007_150227;;;;;;
2007;151580;tagged_2007_151580;;;;;;
2007;152042;tagged_2007_152042;;;;;;
2007;185885;tagged_2007_185885;;;;;;
2007;189454;tagged_2007_189454;;;;;;
2007;189455;tagged_2007_189455;;;;;;
2007;189559;tagged_2007_189559;;;;;;
2007;192178;tagged_2007_192178;;;;;;
2007;192180;tagged_2007_192180;;;;;;
2008;158378;tagged_2008_158378;;;;;;
2008;158580;tagged_2008_158580;;;;;;
2008;159919;tagged_2008_159919;;;;;;
2008;162430;tagged_2008_162430;;;;;;
2008;162711;tagged_2008_162711;;;;;;
2008;163541;tagged_2008_163541;;;;;;
2008;179406;tagged_2008_179406;;;;;;
2008;179880;tagged_2008_179880;;;;;;
2008;183304;tagged_2008_183304;;;;;;
2008;184034;tagged_2008_184034;;;;;;
2008;189457;tagged_2008_189457;;;;;;
2009;185815;tagged_2009_185815;;;;;;
2009;185818;tagged_2009_185818;;;;;;
2009;185864;tagged_2009_185864;;;;;;
2009;185900;tagged_2009_185900;;;;;;
2009;185958;tagged_2009_185958;;;;;;
2009;186515;tagged_2009_186515;;;;;;
2009;186521;tagged_2009_186521;;;;;;
2009;186699;tagged_2009_186699;;;;;;
2009;186700;tagged_2009_186700;;;;;;
2009;186704;tagged_2009_186704;;;;;;
2009;189411;tagged_2009_189411;;;;;;
2009;189770;tagged_2009_189770;;;;;;
2009;214579;tagged_2009_214579;;;;;;
2010;189496;tagged_2010_189496;;;;;;
2011;190645;tagged_2011_190645;;;;;;
2011;191443;tagged_2011_191443;;;;;;
2011;192261;tagged_2011_192261;;;;;;
2011;193773;tagged_2011_193773;;;;;;
2011;213061;tagged_2011_213061;;;;;;
2017;248106;tagged_2017_248106;;;;;;
2017;252318;tagged_2017_252318;;;;;;
2017;259765;tagged_2017_259765;;;;;;
2018;261279;tagged_2018_261279;;;;;;
2018;261900;tagged_2018_261900;;;;;;
2018;265211;tagged_2018_265211;;;;;;
2018;265904;tagged_2018_265904;;;;;;
2019;366654;tagged_2019_366654;;;;;;
2019;367693;tagged_2019_367693;;;;;;
2019;370032;tagged_2019_370032;;;;;;
2019;370977;tagged_2019_370977;;;;;;
2020;372603;tagged_2020_372603;;;;;;
2020;373788;tagged_2020_373788;;;;;;
